Old Allies,"The Falcon, Junkyard Garbage",,,,
They Have No Idea We're Coming,Stardust,,,,
Yavin 4 Base Operations,Restore Freedom To The Galaxy,,,,
You Can Either Profit By This...,,,,,
Aayla Secura,,,,,
Admiral Ackbar (V),,,,,
Admiral Kilian,,,,,
Admiral Raddus,Corellian Corvette,,,,
Admiral Yularen,Resolute,,,,
Ahsoka Tano,,,,,
"Ahsoka Tano, Friend of the Family",,,,,
"Anakin Skywalker, Jedi Knight",,,,,
"Anakin Skywalker, Padawan Learner",,,,,
"Anakin Skywalker, Padawan Learner",,,,,
Artoo (V),,,,,
"Artoo, Brave Little Droid",,,,,
Baragwin,,,,,
Baze Malbus With Cannon,,,,,
BB-8,,,,,
Beilert Valance,,,,,
Ben Kenobi,,,,,
Bodhi Rook,,,,,
Boba,,,,,
C-3P0 (V),,,,,
C1-10P (Chopper),,,,,
Captain Cassian Andor,,,,,
Captain Han Solo (V),Han's Heavy Blaster Pistol (V),,,,
Captain Hera Syndulla,,,,,
Captain Lando Calrissian,,,,,
Cara Dune With Heavy Blaster Rifle,,,,,
"Chewbacca, Protector",,,,,
Chewie (V),,,,,
Chewie With Blaster Rifle (V),,,,,
Chewie With Bowcaster,,,,,
"Chewie, Enraged",,,,,
Chirrut Imwe,,,,,
Commander Narra,,,,,
Commander Vanden Willard (V),,,,,
"Corran Horn, Jedi",Uncivilized Blaster,,,,
Dash Rendar,Outrider,,,,
Daughter Of Skywalker (V),,,,,
Din Djarin,,,,,
Ello Asty,Red Squadron 6,,,,
"Ellorrs Madak, Pilot Instructor",,,,,
Ezra Bridger,,,,,
"Finn, Resistance Hero",,,,,
Fleet Admiral Gial Ackbar,,,,,
General Kenobi,"Captain Rex, 501st Legion",,,,
General Leia Organa,,,,,
General Leia Organa,,,,,
General Poe Dameron,,,,,
General Solo (V),,,,,
Han Solo (V),,,,,
"Han Solo, Optimistic General",,,,,
Han With Heavy Blaster Pistol,,,,,
Harc Seff,,,,,
Jar Jar Binks,,,,,
Jyn Erso,,,,,
K-2SO,,,,,
"Kanan Jarrus, Jedi Knight",Jedi Holocron,,,,
"Lando Calrissian, Scoundrel",,,,,
"Lando, Hero Of The Rebellion",,,,,
Lando With Blaster Rifle (V),,,,,
"Leia, Rebel Princess",,,,,
"Leia, Rebel Princess",,,,,
Luke Skywalker (V),,,,,
"Luke Skywalker, Jedi Knight",,,,,
"Luke Skywalker, Rebel Scout (V)",,,,,
"Luke Skywalker, Rebel Scout (V)",,,,,
"Luke Skywalker, The Last Jedi",,,,,
"Luke Skywalker, The Rebellion's Hope",Luke's Hunting Rifle (V),,,,
Luke With Lightsaber,,,,,
Mace Windu (V),,,,,
Mara Jade,,,,,
Master Kenobi,Communing + I Am Part Of The Living Force,,,,
Master Luke (V),,,,,
Master Qui-Gon With Lightsaber,,,,,
Master Windu,,,,,
Mirax Terrik,Pulsar Skate,,,,
"Nien Nunb, Sullustan Smuggler",,,,,
Obi-Wan Kenobi (V),,,,,
Obi-Wan With Lightsaber,,,,,
Owen Lars & Beru Lars,,,,,
Padme Naberrie (V),,,,,
Poe Dameron,,,,,
Puck,Red 12,,,,
Princess Leia (V),,,,,
Qui-Gon Jinn With Lightsaber,,,,,
"Qui-Gon Jinn, Serene Jedi",,,,,
Rey,,,,,
Rey,,,,,
Rey With Lightsaber,,,,,
Rey With Lightsaber,,,,,
"Rey, All Of The Jedi",,,,,
Rio Durant,,,,,
"Sabine, Padawan Learner",,,,,
Solo,,,,,
Son Of Skywalker (V),,,,,
Threepio With His Parts Showing,,,,,
Tycho Celchu (V),,,,,
Vice Admiral Holdo,,,,,
"Wedge Antilles, Red Squadron Leader",Red Squadron 1,,,,
"Yoda, Keeper Of The Peace",,,,,
"Yoda, Master Of The Force (V)",,,,,
"Yoda, Master Of The Force (V)",,,,,
Anakin's Lightsaber,,,,,
Jedi Lightsaber (V),,,,,
Jedi Lightsaber (V),,,,,
Jedi Lightsaber (V),,,,,
Leia's Blaster Rifle,,,,,
Stun Blaster,,,,,
X-Wing Laser Cannon,,,,,
X-Wing Laser Cannon,,,,,
Landing Claw,,,,,
Luke's Bionic Hand,,,,,
Mercenary Armor,,,,,
Blue 11,,,,,
Zev in Rogue 2,,,,,
Acclamator-Class Assault Ship,Concussion Missles,,,,
Artoo-Detoo in Red 5,,,,,
Artoo-Detoo in Red 5,,,,,
Azure Angel,,,,,
BB-8 in Black Squadron 1,,,,,
Bo-Katan's Gauntlet Starfighter,,,,,
Booster in Pulsar Skate,,,,,
Bravo Fighter (V),,,,,
Bright Hope (V),,,,,
Corran Horn in Rogue 9,,,,,
Endurance,,,,,
Ghost,,,,,
Gold Leader in Gold 1 (V),,,,,
Gold Leader in Gold 1 (V),,,,,
Gold Squadron 1,,,,,
Green Leader in Green Squadron 1,,,,,
"Han, Chewie, And The Falcon",,,,,
"Han, Chewie, And The Falcon (V)",,,,,
"Han, Chewie, And The Falcon (V)",,,,,
Home One,,,,,
Home One,,,,,
Leia's Resistance Transport,,,,,
Leia's Resistance Transport,,,,,
Liberator,,,,,
Lightmaker,,,,,
Madakor In Radiant VII,,,,,
Masanya (V),,,,,
Millennium Falcon,,,,,
Profundity,,,,,
Red 5 (V),,,,,
Red Leader in Red 1,,,,,
Red Squadron 1,,,,,
Redemption (V),,,,,
Rogue One,,,,,
Spiral,,,,,
Tantive IV (V),,,,,
The Falcon,,,,,
Tydirium (V),,,,,
Wedge In Red Squadron 1,,,,,
Wild Karrde,,,,,
Capital Support,,,,,
I'll Take The Leader,,,,,
A Tragedy Has Occurred,,,,,
Battle Plan,,,,,
Battle Plan,,,,,
"Do, Or Do Not",,,,,
Simple Tricks And Nonsense,,,,,
Simple Tricks And Nonsense,,,,,
Ultimatum,,,,,
Ultimatum,,,,,
A Brave Resistance,,,,,
A Gift,,,,,
A Good Blaster At Your Side,Naboo Security Officer Blaster,,,,
A New Secret Base,Echo Base Operations,,,,
A New Secret Base (V),,,,,
A Vergence In The Force,,,,,
Aim High,,,,,
Ancient Watering Hole,Maz Kanata,,,,
Another Pathetic Lifeform,,,,,
Battle Plan & Draw Their Fire,,,,,
Civil Disorder,,,,,
Colo Claw Fish,,,,,
Crash Site Memorial,,,,,
Credits Will Do Fine,,,,,
Descent Into The Dark,Traffic Control,,,,
Disarmed,,,,,
"Do, Or Do Not & Wise Advice",,,,,
Down With The Emperor! (V),,,,,
Draw Their Fire,,,,,
Grappling Hook (V),,,,,
Haven,,,,,
Honor Of The Jedi,,,,,
I Don't Like Sand,,,,,
I Hope She's All Right,,,,,
I Must Be Allowed To Speak (V),,,,,
Insurrection,,,,,
"It's True, All Of It",,,,,
Jedi Business (V),,,,,
Launching The Assault,,,,,
Legendary Starfighter,,,,,
Lightsaber Proficiency,,,,,
Like My Father Before Me,Luke's Lightsaber,,,,
Mantellian Savrip,,,,,
Meditation (V),,,,,
Menace Fades,,,,,
Ounee Ta (V),,,,,
Projection Of A Skywalker,,,,,
Prophecy Of The Force,,,,,
Rebellions Are Built On Hope,,,,,
Scanner Techs (V),,,,,
Stone Pile,Rock + Rock,,,,
Strikeforce (V),,,,,
Strikeforce (V),,,,,
Tatooine Celebration,,,,,
They Win This Round,,,,,
Weapon Of A Fallen Mentor,,,,,
Weather Vane (V),,,,,
We're Leaving,,,,,
Why Does Everyone Want To Go Back To Jakku?!,Lor San Tekka,,,,
Wokling (V),,,,,
Wokling (V),,,,,
Yarna d'al' Gargan (V),Arleil Schous,,,,
Your Insight Serves You Well & Staging Areas,,,,,
Your Thoughts Dwell On Your Mother,Anakin's Lightsaber (V),,,,
A Jedi's Resilience,,,,,
A Jedi's Resilience,,,,,
All Wings Report In & Darklighter Spin,,,,,
All Wings Report In & Darklighter Spin,,,,,
All Wings Report In & Darklighter Spin,,,,,
Alter (V),,,,,
Alter & Friendly Fire (V),,,,,
Alternatives To Fighting,,,,,
Antilles Maneuver (V),,,,,
Blaster Deflection,,,,,
Blaster Deflection,,,,,
Careful Planning (V),,,,,
Careful Planning (V),,,,,
Clash Of Sabers,,,,,
Control,,,,,
Control & Tunnel Vision,,,,,
Dodge,,,,,
Don't Get Cocky,,,,,
Don't Tread On Me (V),,,,,
Effective Repairs & Starship Levitation,,,,,
Escape Pod & We're Doomed,,,,,
Escape Pod (V),,,,,
Force Levitation,Obi-Wan's Journal,,,,
Found Someone You Have (V),,,,,
Gift Of The Mentor,,,,,
Gift Of The Mentor,,,,,
Grimtaash,,,,,
Houjix & Out Of Nowhere,,,,,
Hyper Escape,,,,,
"I Don't Need Their Scum, Either (V)",,,,,
I Think I Can Handle Myself,,,,,
"Impressive, Most Impressive (V)",,,,,
It Could Be Worse,,,,,
It's A Hit!,,,,,
It's A Trap!,,,,,
I've Got A Bad Feeling About This,,,,,
Jedi Levitation (V),,,,,
Jedi Presence,,,,,
Let The Wookiee Win (V),,,,,
Life Debt,,,,,
Local Defense & Put That Down,,,,,
Mandalorian Mishap (V),,,,,
Mindful Of The Future,,,,,
Mindful Of The Future,,,,,
Nabrun Leids,,,,,
Nabrun Leids,,,,,
Odin Nesloor & First Aid,,,,,
On The Edge,,,,,
Quite A Mercenary (V),,,,,
Rebel Artillery,,,,,
Rebel Assault,,,,,
Rebel Barrier,,,,,
Rebel Barrier,,,,,
Rebel Leadership (V),,,,,
Rebel Leadership (V),,,,,
Rebel Leadership & Critical Error Revealed,,,,,
Return Of A Jedi (V),,,,,
Return Of A Jedi (V),,,,,
"Run Luke, Run!",,,,,
Sabotage (V),,,,,
Sense (ep1),,,,,
Sense & Recoil In Fear,,,,,
Skywalkers,,,,,
Sorry About The Mess,,,,,
Sorry About The Mess & Blaster Proficiency,,,,,
Speak With The Jedi Council,,,,,
Speak With The Jedi Council,,,,,
Steady Aim,Power Pivot,,,,
"Take A Seat, Young Skywalker",,,,,
The Bith Shuffle & Desperate Reach,,,,,
Through The Force Things You Will See,,,,,
We Wish To Board At Once,,,,,
Weapon Levitation,,,,,
We're Doomed,,,,,
Were You Looking For Me?,,,,,
Wesa Gotta Grand Army,,,,,
Wesa Gotta Grand Army,,,,,
Wesa Gotta Grand Army,,,,,