Court of the Vile Gangster,Sarlacc,,,,
Hunt Down And Destroy The Jedi (V),Visage of the Emperor (V),,,,
Endor Operations,Endor Shield (V),,,,
Twin Suns Of Tatooine,Tatooine Occupation,,,,
Revenge of the Sith,Rise of the Sith & Lord Sidious,,,,
4-LOM With Concussion Rifle,,,,,
4-LOM With Concussion Rifle (V),,,,,
Admiral Chiraneau,,,,,
Admiral Motti (V),,,,,
Admiral Ozzel,,,,,
Admiral Piett,,,,,
Allegiant General Pryde,,,,,
Ap'lek,,,,,
Arica (V),,,,,
Asajj Ventress,,,,,
Asajj Ventress With Lightsabers,,,,,
Aurra Sing With Blaster Rifle,,,,,
B2 Battle Droid,,,,,
Baron Soontir Fel (V),Saber 1,,,,
Baylan Skoll,,,,,
"Bib Fortuna, Heir To The Palace",,,,,
Boba Fett (V),,,,,
Boba Fett With Blaster Rifle (V),,,,,
"Boba Fett, Bounty Hunter",,,,,
"Boba Fett, Bounty Hunter",,,,,
Cad Bane,,,,,
Captain Khurgee (V),,,,,
Commander Merrejk,,,,,
Commander Nemet (V),,,,,
Count Dooku,,,,,
Count Dooku,,,,,
Daroe (V),,,,,
Darth Maul,,,,,
Darth Maul With Lightsaber,,,,,
"Darth Maul, Lone Hunter",,,,,
"Darth Maul, Lone Hunter",,,,,
Darth Sidious,,,,,
Darth Tyranus,Dooku's Lightsaber,,,,
Darth Vader,,,,,
Darth Vader With Lightsaber,,,,,
Darth Vader With Lightsaber,,,,,
"Darth Vader, Betrayer Of The Jedi",,,,,
"Darth Vader, Dark Lord Of The Sith",,,,,
"Darth Vader, Emperor's Enforcer",,,,,
Dengar (V),All Wrapped Up (V),,,,
Dengar With Blaster Carbine (V),,,,,
Director Orson Krennic,,,,,
Djas Puhr (V),,,,,
Dr. Chelli Lona Aphra,,,,,
Dr. Evazan,,,,,
Dr. Evazan & Ponda Baba,,,,,
DS-61-5,,,,,
Emperor Palpatine,,,,,
"Emperor Palpatine, Foreseer",Emperor's Power,,,,
Fifth Brother,,,,,
Gailid,,,,,
General Grievous,,,,,
General Grievous,,,,,
General Veers (V),,,,,
Grand Admiral Thrawn,,,,,
Grand Admiral Thrawn (V),,,,,
Grand Moff Tarkin (v),,,,,
Grand Moff Tarkin (v),,,,,
Greedo (V),,,,,
Guri,Stinger (V),,,,
Hondo Ohnaka,,,,,
IG-88 With Riot Gun,,,,,
Jabba the Hutt (V),,,,,
Jango Fett,,,,,
Jodo Kast,Hidden Weapons,,,,
Kir Kanos (V),,,,,
"Kylo, Master of the Knights Of Ren",,,,,
Kylo Ren With Lightsaber,Specter Of The Supreme Leader,,,,
Lady Proxima,,,,,
Lord Maul With Lightsaber,,,,,
Lord Sidious,,,,,
"Maarek Stele, The Emperor's Reach",Alpha 1,,,,
"Mara Jade, The Emperor's Hand",,,,,
Mara Jade With Lightsaber,,,,,
Maul,,,,,
"Moff Gideon, Suited For Battle",Darksaber,,,,
Myn Kyneugh (V),,,,,
Ninth Sister,,,,,
Nute Gunray (V),,,,,
Ochi,Bestoon Legacy,,,,
P-59,,,,,
"Palpatine, Galactic Emperor",,,,,
Prince Xizor,,,,,
Probot,,,,,
R'tic H'weei,Broken Concentration,,,,
Sergeant Narthax With E-web Blaster,,,,,
Seventh Sister,,,,,
Stormtrooper Garrison,,,,,
The Client,,,,,
The Grand Inquisitor,,,,,
Third Sister,,,,,
Vader (V),,,,,
Vanee,,,,,
Veers (V),Blizzard 1 (V),,,,
Vicrul,,,,,
Wooof (V),,,,,
Zam Wesell,,,,,
Zuckuss With Snare Rifle,,,,,
Blaster Rifle (V),,,,,
Crimson Dawn Blaster,,,,,
Crimson Dawn Blaster,,,,,
Dark Jedi Lightsaber (V),,,,,
Dark Jedi Lightsaber (V),,,,,
Dark Jedi Lightsaber (V),,,,,
Dark Jedi Lightsaber (V),,,,,
Laser Cannon Battery,,,,,
Laser Cannon Battery,,,,,
SFS L-s9.3 Laser Cannons,,,,,
Stun Blaster,,,,,
Vader's Lightsaber,,,,,
Blizzard 2 (V),,,,,
Blizzard 4,,,,,
Blizzard 4,,,,,
Blizzard 8,,,,,
Blizzard Scout 1 (V),,,,,
Jabba's Sail Barge (V),,,,,
Tempest Scout 6,,,,,
Avenger (V),,,,,
Binder,,,,,
Blockade Support Ship,,,,,
Boba Fett In Slave 1 (V),,,,,
Bossk in Hound's Tooth (V),,,,,
Chimaera,,,,,
Chimaera (V),,,,,
Colonel Jendon In Onyx 1,,,,,
Colonel Jendon in Vader's Personal Shuttle,,,,,
Conquest (V),,,,,
Dengar In Punishing One,,,,,
Devastator (V),,,,,
Elis In Hinthra,,,,,
Eli Vanto in Dreadnaught,,,,,
Emperor's Personal Shuttle,,,,,
Executor,Establish Control (V),,,,
Falleen's Fist,,,,,
First Light,,,,,
Flagship Executor,,,,,
Hound's Tooth (V),Bossk (V),,,,
IG-88 In IG-2000,,,,,
Intimidator & Persecutor,,,,,
Invisible Hand,,,,,
Jabba's Space Cruiser (V),,,,,
Mara Jade In VT-49 Decimator,,,,,
Maul in Scimitar,,,,,
Maul's Sith Infiltrator,,,,,
Saber 4,,,,,
"Slave 1, Symbol Of Fear",,,,,
"Slave 1, Symbol Of Fear",,,,,
Stalker (V),,,,,
Steadfast,,,,,
Vader's Custom TIE (V),Darth Vader (V),,,,
Vengeance (V),,,,,
Zuckuss and 4-Lom In Mist Hunter,,,,,
Zuckuss In Mist Hunter,,,,,
Zuckuss In Mist Hunter,,,,,
Black Sun Fleet,,,,,
We're In Attack Position Now,,,,,
Allegations Of Corruption,,,,,
Battle Order,,,,,
Battle Order,,,,,
Come Here You Big Coward,,,,,
Come Here You Big Coward,,,,,
Resistance,,,,,
Resistance,,,,,
There Is No Try,,,,,
A Day Long Remembered (V),,,,,
"Ability, Ability, Ability",,,,,
After Her!,,,,,
Alert My Star Destroyer!,Fanfare (shield),,,,
Alert My Star Destroyer! (V),,,,,
Battle Order & First Strike,,,,,
Coarse And Rough And Irritating,,,,,
Colo Claw Fish,,,,,
Conduct Your Search,,,,,
Dark Waters,,,,,
Disarmed,,,,,
Do They Have A Code Clearance?,,,,,
Enter The Bureaucrat,,,,,
Establish Secret Base (v),Ominous Rumors,,,,
Evil Is Everywhere,Maul's Double-Bladed Lightsaber,,,,
Expand The Empire,,,,,
First Strike,,,,,
His Name Is Anakin,,,,,
Hyperwave Scan (V),,,,,
I Am Your Father (V),Darth Vader's Lightsaber (V),,,,
I Never Ask That Question,,,,,
Image Of The Dark Lord (V),,,,,
Imperial Arrest Order,,,,,
Imperial Decree,,,,,
Imperial Decree (V),,,,,
Imperial Enforcement,,,,,
Inconsequential Losses,,,,,
I've Lost Artoo!,,,,,
Jabba's Haven,,,,,
Jabba's Trophies,Mighty Jabba,,,,
Juri Juice (V),,,,,
Kuat Drive Yards (V),,,,,
Lateral Damage,,,,,
Lost In Space,,,,,
Mind Tricks Don't Work On Me,,,,,
No Escape (V),,,,,
Power Of The Hutt,Boelo,,,,
Presence Of The Force,,,,,
Scum And Villainy,,,,,
Search And Destroy,,,,,
Security Precautions (V),,,,,
Silence Is Golden (V),U-3PO,,,,
Something Special Planned For Them (V),,,,,
Something Special Planned For Them (V),,,,,
Tarkin's Bounty (V),,,,,
Tatooine Occupation,,,,,
Tentacle (V),,,,,
The Dark Path (V),,,,,
The Phantom Menace,,,,,
The Phantom Menace,,,,,
There Is No Try & Oppressive Enforcement,,,,,
Thrawn's Art Collection,Mitth'raw'nuruodo,,,,
"Wipe Them Out, All Of Them",,,,,
You Cannot Hide Forever & Mobilization Points,,,,,
You'll Be Dead!,Jabba's Through With You,,,,
A Dark Time For The Rebellion (V),,,,,
According To My Design,,,,,
Alter (V),,,,,
Alter & Collateral Damage (V),,,,,
Always Two There Are,,,,,
Any Methods Necessary,,,,,
Blast Points (V),,,,,
Cease Fire!,,,,,
Close Call (V),,,,,
Combat Readiness (V),,,,,
Combat Readiness (V),,,,,
Control,,,,,
Control & Set For Stun,,,,,
Dark Jedi Presence,,,,,
Dark Maneuvers,,,,,
Defensive Fire (V),,,,,
Double Back (V),,,,,
Elis Helrot,,,,,
Elis Helrot,,,,,
Force Field (V),,,,,
Force Field (V),,,,,
Force Lightning,,,,,
Force Push (V),,,,,
Force Push & Podrace Collision,,,,,
Ghhhk & Those Rebels Won't Escape Us,,,,,
Gravity Shadow,,,,,
Hunting Party (V),,,,,
I Can't Shake Him! (V),,,,,
I Have You Now,,,,,
I Have You Now,,,,,
Imbalance & Kintan Strider,,,,,
Imperial Artillery,,,,,
Imperial Assault,,,,,
Imperial Barrier,,,,,
Imperial Barrier,,,,,
Imperial Command,,,,,
Imperial Command,,,,,
Imperial Command & In Range,,,,,
Lana Dobreed & Sacrifice,,,,,
Limited Resources,,,,,
Masterful Move,,,,,
Masterful Move & Endor Occupation,,,,,
Maul Strikes,,,,,
Maul Strikes,,,,,
Monnok,,,,,
Neimoidian Advisor,,,,,
Neimoidian Advisor,,,,,
Ommni Box & It's Worse,,,,,
Overload,,,,,
Point Man (V),,,,,
Scanning Crew,,,,,
Seal Off The Bridge,,,,,
Sense (ep1),,,,,
Sense & Uncertain Is The Future,,,,,
Shattered Hope (V),,,,,
Short Range Fighters & Watch Your Back!,,,,,
Short Range Fighters & Watch Your Back!,,,,,
Short Range Fighters & Watch Your Back!,,,,,
Sith Fury (V),,,,,
Slip Sliding Away (V),,,,,
Sneak Attack (V),,,,,
Sniper,,,,,
Sniper & Dark Strike,,,,,
Sonic Bombardment (V),,,,,
Sonic Bombardment (V),,,,,
Sonic Bombardment (V),,,,,
Surface Defense (V),,,,,
Tarkin's Orders,,,,,
They're Still Coming Through!,,,,,
Trample,,,,,
Twi'lek Advisor (V),,,,,
Vader's Obsession,,,,,
We Must Accelerate Our Plans,,,,,
We Must Accelerate Our Plans,,,,,
Weapon Levitation,,,,,
You Are Beaten,,,,,